,Title,User ID
0,Children of the Corn IV: The Gathering,1
1,Manhattan,1
2,Slap Shot,1
3,Max,1
0,Children of the Corn IV: The Gathering,2
1,Manhattan,2
2,Damien: Omen II,2
3,My First Mister,2
0,Taxi Driver,3
1,Shallow Grave,3
2,Four Weddings and a Funeral,3
3,Aladdin,3
0,Children of the Corn IV: The Gathering,4
1,Manhattan,4
2,My First Mister,4
3,Slap Shot,4
4,Max,4
0,Children of the Corn IV: The Gathering,5
1,Manhattan,5
2,My First Mister,5
3,Slap Shot,5
4,Max,5
0,Aladdin,6
1,Children of the Corn IV: The Gathering,6
2,Manhattan,6
3,Back to the Future,6
4,Max,6
0,Grifters,7
1,Manhattan,7
2,Koyaanisqatsi (a.k.a. Koyaanisqatsi: Life Out of Balance),7
3,Slap Shot,7
4,Max,7
0,Taxi Driver,8
1,Children of the Corn IV: The Gathering,8
2,Slap Shot,8
0,Children of the Corn IV: The Gathering,9
1,"Wings of Desire (Himmel Ã¼ber Berlin, Der)",9
2,Manhattan,9
3,Back to the Future,9
4,Slap Shot,9
0,Children of the Corn IV: The Gathering,10
1,Orgazmo,10
2,Eraserhead,10
3,Max,10
0,Children of the Corn IV: The Gathering,11
1,Manhattan,11
2,Slap Shot,11
3,Max,11
0,Children of the Corn IV: The Gathering,12
1,Manhattan,12
2,Max,12
0,Platoon,13
1,"Wings of Desire (Himmel Ã¼ber Berlin, Der)",13
2,Manhattan,13
3,My First Mister,13
0,Children of the Corn IV: The Gathering,14
1,Manhattan,14
2,Back to the Future,14
3,Slap Shot,14
0,"Wings of Desire (Himmel Ã¼ber Berlin, Der)",15
1,Manhattan,15
2,My First Mister,15
0,Children of the Corn IV: The Gathering,16
1,Manhattan,16
2,Damien: Omen II,16
3,My First Mister,16
0,Full Metal Jacket,17
1,Manhattan,17
2,8 1/2 (8Â½),17
3,Slap Shot,17
4,Max,17
0,Children of the Corn IV: The Gathering,18
1,Manhattan,18
2,Orgazmo,18
3,Damien: Omen II,18
0,Platoon,19
1,Grifters,19
2,Manhattan,19
3,Back to the Future,19
4,Max,19
0,Children of the Corn IV: The Gathering,20
1,Manhattan,20
2,Back to the Future,20
3,Max,20
0,"Wings of Desire (Himmel Ã¼ber Berlin, Der)",21
1,Damien: Omen II,21
0,Taxi Driver,22
1,Shallow Grave,22
2,Four Weddings and a Funeral,22
3,Manhattan,22
0,Children of the Corn IV: The Gathering,23
1,Manhattan,23
2,My First Mister,23
3,Slap Shot,23
4,Max,23
0,Children of the Corn IV: The Gathering,24
1,Manhattan,24
2,Slap Shot,24
3,Max,24
0,Children of the Corn IV: The Gathering,25
1,Manhattan,25
2,Orgazmo,25
3,Damien: Omen II,25
0,Children of the Corn IV: The Gathering,26
1,Back to the Future,26
2,Santa Claus: The Movie,26
3,Slap Shot,26
0,Sabrina,27
1,Children of the Corn IV: The Gathering,27
2,Manhattan,27
3,Damien: Omen II,27
4,Slap Shot,27
0,Children of the Corn IV: The Gathering,28
1,Manhattan,28
2,My First Mister,28
0,Children of the Corn IV: The Gathering,29
1,Manhattan,29
2,Orgazmo,29
3,Damien: Omen II,29
0,Children of the Corn IV: The Gathering,30
1,Manhattan,30
2,Orgazmo,30
3,Damien: Omen II,30
0,Children of the Corn IV: The Gathering,31
1,Manhattan,31
2,Slap Shot,31
3,Max,31
0,Children of the Corn IV: The Gathering,32
1,Manhattan,32
2,My First Mister,32
3,Slap Shot,32
4,Max,32
0,Children of the Corn IV: The Gathering,33
1,Manhattan,33
2,My First Mister,33
3,Slap Shot,33
4,Max,33
0,Children of the Corn IV: The Gathering,34
1,Manhattan,34
2,Eraserhead,34
3,My First Mister,34
4,Slap Shot,34
0,Children of the Corn IV: The Gathering,35
1,Manhattan,35
2,Koyaanisqatsi (a.k.a. Koyaanisqatsi: Life Out of Balance),35
0,Children of the Corn IV: The Gathering,36
1,Manhattan,36
2,My First Mister,36
3,Max,36
0,Taxi Driver,37
1,Four Weddings and a Funeral,37
2,Children of the Corn IV: The Gathering,37
3,Slap Shot,37
0,Crumb,38
1,Shallow Grave,38
2,Children of the Corn IV: The Gathering,38
3,Manhattan,38
0,Children of the Corn IV: The Gathering,39
1,Manhattan,39
2,My First Mister,39
3,Slap Shot,39
0,Children of the Corn IV: The Gathering,40
1,Manhattan,40
2,Back to the Future,40
3,Slap Shot,40
4,Max,40
0,Children of the Corn IV: The Gathering,41
1,My First Mister,41
2,Slap Shot,41
3,Max,41
0,Children of the Corn IV: The Gathering,42
1,Manhattan,42
2,Slap Shot,42
3,Max,42
0,Children of the Corn IV: The Gathering,43
1,Manhattan,43
2,Back to the Future,43
3,Slap Shot,43
0,Children of the Corn IV: The Gathering,44
1,Full Metal Jacket,44
2,Manhattan,44
3,Slap Shot,44
4,Max,44
0,Platoon,45
1,Children of the Corn IV: The Gathering,45
2,"Wings of Desire (Himmel Ã¼ber Berlin, Der)",45
3,Manhattan,45
4,Slap Shot,45
0,Taxi Driver,46
1,Children of the Corn IV: The Gathering,46
2,My First Mister,46
3,Slap Shot,46
0,Children of the Corn IV: The Gathering,47
1,Manhattan,47
2,My First Mister,47
0,Children of the Corn IV: The Gathering,48
1,Manhattan,48
2,Damien: Omen II,48
3,My First Mister,48
0,Children of the Corn IV: The Gathering,49
1,Manhattan,49
2,8 1/2 (8Â½),49
3,Damien: Omen II,49
0,2001: A Space Odyssey,50
1,Once Upon a Time in the West (C'era una volta il West),50
2,Slap Shot,50
3,Max,50
0,Platoon,51
1,Children of the Corn IV: The Gathering,51
2,Manhattan,51
3,Max,51
0,Children of the Corn IV: The Gathering,52
1,Manhattan,52
2,Max,52
0,Children of the Corn IV: The Gathering,53
1,Manhattan,53
2,Eraserhead,53
3,Slap Shot,53
4,Max,53
0,Children of the Corn IV: The Gathering,54
1,Manhattan,54
2,Orgazmo,54
3,Damien: Omen II,54
4,Slap Shot,54
0,Children of the Corn IV: The Gathering,55
1,Full Metal Jacket,55
2,Manhattan,55
3,My First Mister,55
4,Slap Shot,55
0,Taxi Driver,56
1,Four Weddings and a Funeral,56
2,Platoon,56
3,Slap Shot,56
0,Children of the Corn IV: The Gathering,57
1,Grifters,57
2,Manhattan,57
3,Koyaanisqatsi (a.k.a. Koyaanisqatsi: Life Out of Balance),57
4,Max,57
0,Children of the Corn IV: The Gathering,58
1,Manhattan,58
2,Back to the Future,58
3,Slap Shot,58
0,Children of the Corn IV: The Gathering,59
1,Manhattan,59
2,Back to the Future,59
3,Slap Shot,59
4,Max,59
0,Children of the Corn IV: The Gathering,60
1,Manhattan,60
2,8 1/2 (8Â½),60
3,Eraserhead,60
0,Children of the Corn IV: The Gathering,61
1,Manhattan,61
2,My First Mister,61
3,Slap Shot,61
4,Max,61
0,Children of the Corn IV: The Gathering,62
1,"Wings of Desire (Himmel Ã¼ber Berlin, Der)",62
2,Manhattan,62
3,Orgazmo,62
0,Manhattan,63
1,Orgazmo,63
2,Damien: Omen II,63
3,My First Mister,63
0,Children of the Corn IV: The Gathering,64
1,Manhattan,64
2,My First Mister,64
3,Max,64
0,Children of the Corn IV: The Gathering,65
1,Manhattan,65
2,Damien: Omen II,65
0,Children of the Corn IV: The Gathering,66
1,Grifters,66
2,Manhattan,66
3,Koyaanisqatsi (a.k.a. Koyaanisqatsi: Life Out of Balance),66
4,Max,66
0,Children of the Corn IV: The Gathering,67
1,Manhattan,67
2,Koyaanisqatsi (a.k.a. Koyaanisqatsi: Life Out of Balance),67
3,Slap Shot,67
0,"Wings of Desire (Himmel Ã¼ber Berlin, Der)",68
1,Manhattan,68
0,Children of the Corn IV: The Gathering,69
1,Manhattan,69
2,My First Mister,69
3,Slap Shot,69
4,Max,69
0,Children of the Corn IV: The Gathering,70
1,Manhattan,70
2,Eraserhead,70
3,Slap Shot,70
4,Max,70
0,Four Weddings and a Funeral,71
1,Children of the Corn IV: The Gathering,71
2,Manhattan,71
3,Slap Shot,71
0,Full Metal Jacket,72
1,Manhattan,72
2,Slap Shot,72
0,Children of the Corn IV: The Gathering,73
1,Manhattan,73
0,Children of the Corn IV: The Gathering,74
1,Grifters,74
2,Manhattan,74
3,Slap Shot,74
4,Max,74
0,Children of the Corn IV: The Gathering,75
1,Grifters,75
2,Manhattan,75
3,8 1/2 (8Â½),75
4,Max,75
0,Victor/Victoria,76
1,Children of the Corn IV: The Gathering,76
2,Max,76
0,Children of the Corn IV: The Gathering,77
1,"Wings of Desire (Himmel Ã¼ber Berlin, Der)",77
2,Manhattan,77
3,8 1/2 (8Â½),77
0,Shallow Grave,78
1,Platoon,78
2,Manhattan,78
0,Full Metal Jacket,79
1,8 1/2 (8Â½),79
2,Koyaanisqatsi (a.k.a. Koyaanisqatsi: Life Out of Balance),79
3,Slap Shot,79
4,Max,79
0,Children of the Corn IV: The Gathering,80
1,Manhattan,80
2,Damien: Omen II,80
3,My First Mister,80
0,Shallow Grave,81
1,Four Weddings and a Funeral,81
2,Aladdin,81
3,Children of the Corn IV: The Gathering,81
4,Manhattan,81
0,Full Metal Jacket,82
1,Manhattan,82
0,Manhattan,83
1,My First Mister,83
2,Slap Shot,83
3,Max,83
0,Children of the Corn IV: The Gathering,84
1,Killer (Die xue shuang xiong),84
2,Manhattan,84
3,Slap Shot,84
4,Max,84
0,Children of the Corn IV: The Gathering,85
1,Manhattan,85
2,My First Mister,85
3,Slap Shot,85
4,Max,85
0,Victor/Victoria,86
1,Children of the Corn IV: The Gathering,86
2,Manhattan,86
3,Damien: Omen II,86
0,Children of the Corn IV: The Gathering,87
1,Manhattan,87
2,My First Mister,87
0,Children of the Corn IV: The Gathering,88
1,Manhattan,88
2,Slap Shot,88
0,Children of the Corn IV: The Gathering,89
1,Manhattan,89
2,Max,89
0,Children of the Corn IV: The Gathering,90
1,Manhattan,90
2,My First Mister,90
3,Slap Shot,90
4,Max,90
0,Children of the Corn IV: The Gathering,91
1,Full Metal Jacket,91
2,Manhattan,91
3,Koyaanisqatsi (a.k.a. Koyaanisqatsi: Life Out of Balance),91
4,Max,91
0,Children of the Corn IV: The Gathering,92
1,Manhattan,92
2,My First Mister,92
3,Slap Shot,92
4,Max,92
0,Children of the Corn IV: The Gathering,93
1,Manhattan,93
2,8 1/2 (8Â½),93
3,Damien: Omen II,93
0,Taxi Driver,94
1,Shallow Grave,94
2,Four Weddings and a Funeral,94
3,Aladdin,94
4,"Wings of Desire (Himmel Ã¼ber Berlin, Der)",94
0,Children of the Corn IV: The Gathering,95
1,Manhattan,95
2,My First Mister,95
3,Slap Shot,95
4,Max,95
0,Raiders of the Lost Ark (Indiana Jones and the Raiders of the Lost Ark),96
1,"Wings of Desire (Himmel Ã¼ber Berlin, Der)",96
2,8 1/2 (8Â½),96
3,Back to the Future,96
4,Slap Shot,96
0,Children of the Corn IV: The Gathering,97
1,Manhattan,97
2,Orgazmo,97
3,Damien: Omen II,97
4,My First Mister,97
0,Children of the Corn IV: The Gathering,98
1,Manhattan,98
2,Damien: Omen II,98
0,Children of the Corn IV: The Gathering,99
1,Slap Shot,99
2,Max,99
0,Children of the Corn IV: The Gathering,100
1,Manhattan,100
2,My First Mister,100
3,Slap Shot,100
4,Max,100
0,Children of the Corn IV: The Gathering,101
1,Manhattan,101
2,8 1/2 (8Â½),101
3,My First Mister,101
4,Slap Shot,101
0,Taxi Driver,102
1,Four Weddings and a Funeral,102
2,Children of the Corn IV: The Gathering,102
3,Manhattan,102
0,Children of the Corn IV: The Gathering,103
1,Manhattan,103
2,Koyaanisqatsi (a.k.a. Koyaanisqatsi: Life Out of Balance),103
3,Damien: Omen II,103
4,Max,103
0,Children of the Corn IV: The Gathering,104
1,Manhattan,104
2,Back to the Future,104
3,Damien: Omen II,104
4,Max,104
0,Children of the Corn IV: The Gathering,105
1,Full Metal Jacket,105
2,Manhattan,105
0,Children of the Corn IV: The Gathering,106
1,Manhattan,106
2,Damien: Omen II,106
3,Eraserhead,106
0,Children of the Corn IV: The Gathering,107
1,Manhattan,107
2,My First Mister,107
3,Slap Shot,107
0,Children of the Corn IV: The Gathering,108
1,Manhattan,108
2,My First Mister,108
3,Slap Shot,108
4,Max,108
0,Children of the Corn IV: The Gathering,109
1,Manhattan,109
2,Slap Shot,109
3,Max,109
0,Children of the Corn IV: The Gathering,110
1,Manhattan,110
2,Koyaanisqatsi (a.k.a. Koyaanisqatsi: Life Out of Balance),110
3,Slap Shot,110
4,Max,110
0,Full Metal Jacket,111
1,Max,111
0,Full Metal Jacket,112
1,Manhattan,112
2,My First Mister,112
3,Slap Shot,112
0,Children of the Corn IV: The Gathering,113
1,Aliens,113
2,Manhattan,113
3,Koyaanisqatsi (a.k.a. Koyaanisqatsi: Life Out of Balance),113
4,Max,113
0,Children of the Corn IV: The Gathering,114
1,Manhattan,114
2,My First Mister,114
0,Children of the Corn IV: The Gathering,115
1,Grifters,115
2,Manhattan,115
3,8 1/2 (8Â½),115
4,Max,115
0,Manhattan,116
1,8 1/2 (8Â½),116
2,Orgazmo,116
3,Damien: Omen II,116
0,Aladdin,117
1,Children of the Corn IV: The Gathering,117
2,Back to the Future,117
3,Slap Shot,117
0,Children of the Corn IV: The Gathering,118
1,Manhattan,118
2,Koyaanisqatsi (a.k.a. Koyaanisqatsi: Life Out of Balance),118
3,My First Mister,118
4,Max,118
0,Children of the Corn IV: The Gathering,119
1,Manhattan,119
2,Orgazmo,119
3,Damien: Omen II,119
0,Children of the Corn IV: The Gathering,120
1,Manhattan,120
2,Koyaanisqatsi (a.k.a. Koyaanisqatsi: Life Out of Balance),120
3,Slap Shot,120
4,Max,120
0,Children of the Corn IV: The Gathering,121
1,Manhattan,121
2,8 1/2 (8Â½),121
3,Slap Shot,121
4,Max,121
0,Children of the Corn IV: The Gathering,122
1,Grifters,122
2,Manhattan,122
3,Max,122
0,Children of the Corn IV: The Gathering,123
1,Manhattan,123
2,Damien: Omen II,123
0,Manhattan,124
1,My First Mister,124
2,Slap Shot,124
3,Max,124
0,Children of the Corn IV: The Gathering,125
1,Full Metal Jacket,125
2,Manhattan,125
3,Koyaanisqatsi (a.k.a. Koyaanisqatsi: Life Out of Balance),125
4,Max,125
0,Taxi Driver,126
1,Shallow Grave,126
2,Four Weddings and a Funeral,126
3,Aladdin,126
0,Children of the Corn IV: The Gathering,127
1,"Wings of Desire (Himmel Ã¼ber Berlin, Der)",127
2,Back to the Future,127
3,Orgazmo,127
4,Slap Shot,127
0,Children of the Corn IV: The Gathering,128
1,Manhattan,128
2,My First Mister,128
3,Slap Shot,128
4,Max,128
0,Children of the Corn IV: The Gathering,129
1,"Wings of Desire (Himmel Ã¼ber Berlin, Der)",129
2,Manhattan,129
3,Damien: Omen II,129
0,Taxi Driver,130
1,Crumb,130
2,Four Weddings and a Funeral,130
3,Aladdin,130
0,Children of the Corn IV: The Gathering,131
1,Manhattan,131
2,Koyaanisqatsi (a.k.a. Koyaanisqatsi: Life Out of Balance),131
3,My First Mister,131
4,Max,131
0,Children of the Corn IV: The Gathering,132
1,Grifters,132
2,Killer (Die xue shuang xiong),132
3,Manhattan,132
4,Max,132
0,Shallow Grave,133
1,Children of the Corn IV: The Gathering,133
2,Manhattan,133
3,Back to the Future,133
4,Slap Shot,133
0,Children of the Corn IV: The Gathering,134
1,Manhattan,134
2,Max,134
0,Children of the Corn IV: The Gathering,135
1,Manhattan,135
2,8 1/2 (8Â½),135
3,Slap Shot,135
4,Max,135
0,Taxi Driver,136
1,Crumb,136
2,Shallow Grave,136
3,Manhattan,136
0,Children of the Corn IV: The Gathering,137
1,Grifters,137
2,Manhattan,137
3,Slap Shot,137
4,Max,137
0,"Wings of Desire (Himmel Ã¼ber Berlin, Der)",138
1,Manhattan,138
2,Back to the Future,138
0,"Wings of Desire (Himmel Ã¼ber Berlin, Der)",139
1,Orgazmo,139
2,Majestic,139
0,Children of the Corn IV: The Gathering,140
1,Manhattan,140
2,Orgazmo,140
3,Damien: Omen II,140
4,Max,140
0,Children of the Corn IV: The Gathering,141
1,Manhattan,141
2,My First Mister,141
3,Max,141
0,Taxi Driver,142
1,Children of the Corn IV: The Gathering,142
2,Manhattan,142
3,Slap Shot,142
0,Children of the Corn IV: The Gathering,143
1,Manhattan,143
2,Orgazmo,143
3,Max,143
0,Children of the Corn IV: The Gathering,144
1,Manhattan,144
2,Damien: Omen II,144
3,Max,144
0,Children of the Corn IV: The Gathering,145
1,Manhattan,145
2,My First Mister,145
3,Slap Shot,145
4,Max,145
0,Children of the Corn IV: The Gathering,146
1,Manhattan,146
2,8 1/2 (8Â½),146
3,Damien: Omen II,146
4,Max,146
0,Manhattan,147
1,8 1/2 (8Â½),147
2,Orgazmo,147
3,My First Mister,147
0,Children of the Corn IV: The Gathering,148
1,Manhattan,148
2,Orgazmo,148
3,Damien: Omen II,148
0,2001: A Space Odyssey,149
1,Manhattan,149
2,Koyaanisqatsi (a.k.a. Koyaanisqatsi: Life Out of Balance),149
3,My First Mister,149
4,Slap Shot,149
0,Children of the Corn IV: The Gathering,150
1,Quiet Man,150
2,Manhattan,150
3,Koyaanisqatsi (a.k.a. Koyaanisqatsi: Life Out of Balance),150
4,Slap Shot,150
0,Children of the Corn IV: The Gathering,151
1,Manhattan,151
2,Back to the Future,151
3,Slap Shot,151
4,Max,151
0,Children of the Corn IV: The Gathering,152
1,Manhattan,152
2,My First Mister,152
3,Slap Shot,152
0,Cheech and Chong's Up in Smoke,153
1,My First Mister,153
2,Slap Shot,153
0,Children of the Corn IV: The Gathering,154
1,Manhattan,154
2,Damien: Omen II,154
0,Children of the Corn IV: The Gathering,155
1,Manhattan,155
2,Prince of Tides,155
3,My First Mister,155
0,2001: A Space Odyssey,156
1,Children of the Corn IV: The Gathering,156
2,Killer (Die xue shuang xiong),156
3,Slap Shot,156
4,Max,156
0,Children of the Corn IV: The Gathering,157
1,Manhattan,157
2,8 1/2 (8Â½),157
3,My First Mister,157
0,Children of the Corn IV: The Gathering,158
1,Manhattan,158
2,My First Mister,158
0,Children of the Corn IV: The Gathering,159
1,"Wings of Desire (Himmel Ã¼ber Berlin, Der)",159
2,Manhattan,159
3,Damien: Omen II,159
0,Maltese Falcon,160
1,Children of the Corn IV: The Gathering,160
2,Koyaanisqatsi (a.k.a. Koyaanisqatsi: Life Out of Balance),160
3,Max,160
0,Children of the Corn IV: The Gathering,161
1,Manhattan,161
2,My First Mister,161
3,Slap Shot,161
0,Children of the Corn IV: The Gathering,162
1,Manhattan,162
2,Slap Shot,162
3,Max,162
0,Children of the Corn IV: The Gathering,163
1,"Wings of Desire (Himmel Ã¼ber Berlin, Der)",163
2,Manhattan,163
3,Max,163
0,Children of the Corn IV: The Gathering,164
1,Manhattan,164
2,Back to the Future,164
3,Slap Shot,164
0,Children of the Corn IV: The Gathering,165
1,Manhattan,165
2,Damien: Omen II,165
3,Eraserhead,165
0,Children of the Corn IV: The Gathering,166
1,Manhattan,166
2,Damien: Omen II,166
3,My First Mister,166
0,Children of the Corn IV: The Gathering,167
1,Manhattan,167
2,Damien: Omen II,167
3,My First Mister,167
0,Children of the Corn IV: The Gathering,168
1,Manhattan,168
2,My First Mister,168
3,Slap Shot,168
4,Max,168
0,Children of the Corn IV: The Gathering,169
1,Manhattan,169
2,Damien: Omen II,169
3,Slap Shot,169
4,Max,169
0,Shallow Grave,170
1,Four Weddings and a Funeral,170
2,Children of the Corn IV: The Gathering,170
3,Manhattan,170
0,Children of the Corn IV: The Gathering,171
1,Manhattan,171
2,Slap Shot,171
3,Max,171
0,Children of the Corn IV: The Gathering,172
1,Manhattan,172
2,My First Mister,172
3,Slap Shot,172
4,Max,172
0,Taxi Driver,173
1,Aladdin,173
2,Children of the Corn IV: The Gathering,173
0,Taxi Driver,174
1,Aladdin,174
2,Children of the Corn IV: The Gathering,174
3,Slap Shot,174
4,Max,174
0,Children of the Corn IV: The Gathering,175
1,Max,175
0,Children of the Corn IV: The Gathering,176
1,Back to the Future,176
2,Slap Shot,176
3,Max,176
0,Children of the Corn IV: The Gathering,177
1,Manhattan,177
2,Orgazmo,177
3,Max,177
0,Children of the Corn IV: The Gathering,178
1,Manhattan,178
2,My First Mister,178
3,Slap Shot,178
4,Max,178
0,Taxi Driver,179
1,Four Weddings and a Funeral,179
2,Children of the Corn IV: The Gathering,179
3,Back to the Future,179
4,Slap Shot,179
0,Platoon,180
1,Grifters,180
2,Full Metal Jacket,180
3,Manhattan,180
4,8 1/2 (8Â½),180
0,Crumb,181
1,Four Weddings and a Funeral,181
2,Aladdin,181
3,Back to the Future,181
4,Slap Shot,181
0,Children of the Corn IV: The Gathering,182
1,Inherit the Wind,182
2,Slap Shot,182
3,Max,182
0,Children of the Corn IV: The Gathering,183
1,Manhattan,183
2,Koyaanisqatsi (a.k.a. Koyaanisqatsi: Life Out of Balance),183
3,Slap Shot,183
4,Max,183
0,Children of the Corn IV: The Gathering,184
1,"Wings of Desire (Himmel Ã¼ber Berlin, Der)",184
2,Manhattan,184
0,Children of the Corn IV: The Gathering,185
1,Manhattan,185
2,My First Mister,185
3,Slap Shot,185
4,Max,185
0,Children of the Corn IV: The Gathering,186
1,Manhattan,186
2,My First Mister,186
3,Slap Shot,186
4,Max,186
0,Children of the Corn IV: The Gathering,187
1,Manhattan,187
2,Inherit the Wind,187
3,My First Mister,187
4,Max,187
0,Children of the Corn IV: The Gathering,188
1,Manhattan,188
2,Koyaanisqatsi (a.k.a. Koyaanisqatsi: Life Out of Balance),188
3,Slap Shot,188
4,Max,188
0,Children of the Corn IV: The Gathering,189
1,Manhattan,189
2,Eraserhead,189
3,Max,189
0,Children of the Corn IV: The Gathering,190
1,Manhattan,190
2,My First Mister,190
3,Slap Shot,190
4,Max,190
0,Children of the Corn IV: The Gathering,191
1,Manhattan,191
2,My First Mister,191
3,Slap Shot,191
4,Max,191
0,Taxi Driver,192
1,Four Weddings and a Funeral,192
2,Children of the Corn IV: The Gathering,192
3,"Wings of Desire (Himmel Ã¼ber Berlin, Der)",192
0,Children of the Corn IV: The Gathering,193
1,Manhattan,193
2,My First Mister,193
3,Trials of Henry Kissinger,193
0,Children of the Corn IV: The Gathering,194
1,Manhattan,194
2,Koyaanisqatsi (a.k.a. Koyaanisqatsi: Life Out of Balance),194
3,Slap Shot,194
4,Max,194
0,Platoon,195
1,Children of the Corn IV: The Gathering,195
2,Manhattan,195
3,My First Mister,195
4,Slap Shot,195
0,Full Metal Jacket,196
1,Manhattan,196
2,8 1/2 (8Â½),196
0,Children of the Corn IV: The Gathering,197
1,Manhattan,197
2,My First Mister,197
0,Children of the Corn IV: The Gathering,198
1,Manhattan,198
2,My First Mister,198
3,Slap Shot,198
0,Grifters,199
1,Once Upon a Time in the West (C'era una volta il West),199
2,Manhattan,199
3,Koyaanisqatsi (a.k.a. Koyaanisqatsi: Life Out of Balance),199
4,Max,199
0,Children of the Corn IV: The Gathering,200
1,Manhattan,200
2,Slap Shot,200
3,Max,200
0,Children of the Corn IV: The Gathering,201
1,Manhattan,201
2,Back to the Future,201
3,Slap Shot,201
4,Max,201
0,Children of the Corn IV: The Gathering,202
1,Grifters,202
2,Manhattan,202
3,Koyaanisqatsi (a.k.a. Koyaanisqatsi: Life Out of Balance),202
4,Max,202
0,Children of the Corn IV: The Gathering,203
1,Manhattan,203
2,My First Mister,203
0,Children of the Corn IV: The Gathering,204
1,Manhattan,204
2,Damien: Omen II,204
0,Children of the Corn IV: The Gathering,205
1,Manhattan,205
2,Damien: Omen II,205
3,My First Mister,205
0,Children of the Corn IV: The Gathering,206
1,Manhattan,206
2,My First Mister,206
3,Slap Shot,206
4,Max,206
0,Manhattan,207
1,Koyaanisqatsi (a.k.a. Koyaanisqatsi: Life Out of Balance),207
2,My First Mister,207
3,Slap Shot,207
4,Max,207
0,"Wings of Desire (Himmel Ã¼ber Berlin, Der)",208
1,Full Metal Jacket,208
2,Manhattan,208
3,8 1/2 (8Â½),208
4,Koyaanisqatsi (a.k.a. Koyaanisqatsi: Life Out of Balance),208
0,Children of the Corn IV: The Gathering,209
1,Manhattan,209
2,Slap Shot,209
3,Max,209
0,"Wings of Desire (Himmel Ã¼ber Berlin, Der)",210
1,Manhattan,210
2,Orgazmo,210
3,Damien: Omen II,210
0,Children of the Corn IV: The Gathering,211
1,Manhattan,211
2,My First Mister,211
0,Children of the Corn IV: The Gathering,212
1,Manhattan,212
0,Children of the Corn IV: The Gathering,213
1,Manhattan,213
2,My First Mister,213
3,Slap Shot,213
4,Max,213
0,Children of the Corn IV: The Gathering,214
1,Manhattan,214
2,My First Mister,214
3,Slap Shot,214
4,Max,214
0,Children of the Corn IV: The Gathering,215
1,Manhattan,215
2,Slap Shot,215
3,Max,215
0,Children of the Corn IV: The Gathering,216
1,Grifters,216
2,Back to the Future,216
3,Slap Shot,216
4,Max,216
0,Platoon,217
1,Princess Bride,217
2,"Wings of Desire (Himmel Ã¼ber Berlin, Der)",217
3,8 1/2 (8Â½),217
0,Manhattan,218
1,8 1/2 (8Â½),218
2,Damien: Omen II,218
3,My First Mister,218
0,Children of the Corn IV: The Gathering,219
1,"Wings of Desire (Himmel Ã¼ber Berlin, Der)",219
2,Manhattan,219
3,Slap Shot,219
4,Max,219
0,Children of the Corn IV: The Gathering,220
1,Manhattan,220
2,Damien: Omen II,220
3,Max,220
0,Houseguest,221
1,Children of the Corn IV: The Gathering,221
2,My First Mister,221
3,Slap Shot,221
4,Max,221
0,Children of the Corn IV: The Gathering,222
1,Full Metal Jacket,222
2,Manhattan,222
0,"Wings of Desire (Himmel Ã¼ber Berlin, Der)",223
1,Manhattan,223
2,My First Mister,223
3,Slap Shot,223
0,Children of the Corn IV: The Gathering,224
1,Manhattan,224
2,Max,224
0,Children of the Corn IV: The Gathering,225
1,Back to the Future,225
2,Trippin',225
3,Slap Shot,225
4,Max,225
0,Children of the Corn IV: The Gathering,226
1,Full Metal Jacket,226
2,Manhattan,226
3,Slap Shot,226
4,Max,226
0,Children of the Corn IV: The Gathering,227
1,Manhattan,227
2,Slap Shot,227
0,Children of the Corn IV: The Gathering,228
1,Manhattan,228
2,8 1/2 (8Â½),228
3,Eraserhead,228
4,Max,228
0,Children of the Corn IV: The Gathering,229
1,Manhattan,229
2,Slap Shot,229
3,Max,229
0,"Wings of Desire (Himmel Ã¼ber Berlin, Der)",230
1,Manhattan,230
2,8 1/2 (8Â½),230
0,Full Metal Jacket,231
1,Manhattan,231
2,8 1/2 (8Â½),231
3,Slap Shot,231
4,Max,231
0,Children of the Corn IV: The Gathering,232
1,Manhattan,232
0,Shallow Grave,233
1,Full Metal Jacket,233
2,Manhattan,233
3,Trials of Henry Kissinger,233
0,Platoon,234
1,Manhattan,234
2,8 1/2 (8Â½),234
3,Back to the Future,234
4,Slap Shot,234
0,Taxi Driver,235
1,Four Weddings and a Funeral,235
2,Children of the Corn IV: The Gathering,235
3,Slap Shot,235
0,Children of the Corn IV: The Gathering,236
1,Manhattan,236
2,Slap Shot,236
3,Max,236
0,Children of the Corn IV: The Gathering,237
1,Grifters,237
2,Manhattan,237
3,My First Mister,237
0,Children of the Corn IV: The Gathering,238
1,Manhattan,238
2,Back to the Future,238
3,Max,238
0,Children of the Corn IV: The Gathering,239
1,Manhattan,239
2,Slap Shot,239
3,Max,239
0,Taxi Driver,240
1,Four Weddings and a Funeral,240
2,Aladdin,240
3,Manhattan,240
0,Children of the Corn IV: The Gathering,241
1,Manhattan,241
2,My First Mister,241
0,Taxi Driver,242
1,Four Weddings and a Funeral,242
2,Children of the Corn IV: The Gathering,242
3,Slap Shot,242
0,Children of the Corn IV: The Gathering,243
1,Manhattan,243
2,Orgazmo,243
3,Damien: Omen II,243
0,Children of the Corn IV: The Gathering,244
1,"Wings of Desire (Himmel Ã¼ber Berlin, Der)",244
2,Manhattan,244
3,8 1/2 (8Â½),244
0,Children of the Corn IV: The Gathering,245
1,Manhattan,245
2,Back to the Future,245
3,Slap Shot,245
4,Max,245
0,Children of the Corn IV: The Gathering,246
1,Manhattan,246
2,My First Mister,246
0,Children of the Corn IV: The Gathering,247
1,Manhattan,247
2,My First Mister,247
3,Slap Shot,247
4,Max,247
0,"Wings of Desire (Himmel Ã¼ber Berlin, Der)",248
1,Full Metal Jacket,248
2,Manhattan,248
3,8 1/2 (8Â½),248
0,Children of the Corn IV: The Gathering,249
1,Manhattan,249
0,Manhattan,250
1,Santa Claus: The Movie,250
2,My First Mister,250
0,Children of the Corn IV: The Gathering,251
1,Manhattan,251
2,Slap Shot,251
3,Max,251
0,Children of the Corn IV: The Gathering,252
1,Manhattan,252
0,Children of the Corn IV: The Gathering,253
1,Manhattan,253
2,Eraserhead,253
3,Slap Shot,253
4,Max,253
0,Children of the Corn IV: The Gathering,254
1,Manhattan,254
2,My First Mister,254
3,Max,254
0,Children of the Corn IV: The Gathering,255
1,"Wings of Desire (Himmel Ã¼ber Berlin, Der)",255
2,Manhattan,255
3,Koyaanisqatsi (a.k.a. Koyaanisqatsi: Life Out of Balance),255
4,Prince of Tides,255
0,Sabrina,256
1,Children of the Corn IV: The Gathering,256
2,Manhattan,256
3,Max,256
0,Children of the Corn IV: The Gathering,257
1,Manhattan,257
2,My First Mister,257
3,Slap Shot,257
0,Children of the Corn IV: The Gathering,258
1,Manhattan,258
2,Eraserhead,258
3,Max,258
0,Manhattan,259
1,Orgazmo,259
2,Damien: Omen II,259
3,My First Mister,259
4,Slap Shot,259
0,Children of the Corn IV: The Gathering,260
1,Manhattan,260
2,Koyaanisqatsi (a.k.a. Koyaanisqatsi: Life Out of Balance),260
3,Slap Shot,260
4,Max,260
0,Children of the Corn IV: The Gathering,261
1,Manhattan,261
2,Damien: Omen II,261
3,My First Mister,261
4,Slap Shot,261
0,Children of the Corn IV: The Gathering,262
1,Full Metal Jacket,262
2,Manhattan,262
3,Slap Shot,262
4,Max,262
0,Children of the Corn IV: The Gathering,263
1,Full Metal Jacket,263
2,Manhattan,263
3,Slap Shot,263
4,Max,263
0,"Wings of Desire (Himmel Ã¼ber Berlin, Der)",264
1,Manhattan,264
2,8 1/2 (8Â½),264
0,Platoon,265
1,Children of the Corn IV: The Gathering,265
2,Koyaanisqatsi (a.k.a. Koyaanisqatsi: Life Out of Balance),265
3,Slap Shot,265
4,Max,265
0,Manhattan,266
1,8 1/2 (8Â½),266
2,Koyaanisqatsi (a.k.a. Koyaanisqatsi: Life Out of Balance),266
3,Planet of the Apes,266
4,Max,266
0,Children of the Corn IV: The Gathering,267
1,Manhattan,267
2,Slap Shot,267
0,Grifters,268
1,Manhattan,268
2,Koyaanisqatsi (a.k.a. Koyaanisqatsi: Life Out of Balance),268
3,Slap Shot,268
4,Max,268
0,2001: A Space Odyssey,269
1,Manhattan,269
2,Koyaanisqatsi (a.k.a. Koyaanisqatsi: Life Out of Balance),269
3,Slap Shot,269
4,Max,269
0,Children of the Corn IV: The Gathering,270
1,Shine,270
2,My First Mister,270
3,Slap Shot,270
0,Manhattan,271
1,8 1/2 (8Â½),271
2,My First Mister,271
3,Slap Shot,271
4,Max,271
0,Children of the Corn IV: The Gathering,272
1,Manhattan,272
2,Damien: Omen II,272
3,My First Mister,272
0,Aladdin,273
1,Children of the Corn IV: The Gathering,273
2,Manhattan,273
3,Damien: Omen II,273
0,Platoon,274
1,Children of the Corn IV: The Gathering,274
2,Manhattan,274
3,Slap Shot,274
4,Max,274
0,Children of the Corn IV: The Gathering,275
1,Manhattan,275
2,My First Mister,275
3,Wendigo,275
4,Max,275
0,Children of the Corn IV: The Gathering,276
1,Manhattan,276
2,Slap Shot,276
3,Max,276
0,Children of the Corn IV: The Gathering,277
1,Manhattan,277
2,Slap Shot,277
3,Max,277
0,Children of the Corn IV: The Gathering,278
1,Manhattan,278
2,My First Mister,278
0,Victor/Victoria,279
1,Manhattan,279
2,My First Mister,279
3,Slap Shot,279
0,Children of the Corn IV: The Gathering,280
1,Manhattan,280
2,Slap Shot,280
3,Max,280
0,Children of the Corn IV: The Gathering,281
1,Manhattan,281
2,My First Mister,281
3,Slap Shot,281
4,Max,281
0,Children of the Corn IV: The Gathering,282
1,Manhattan,282
2,Max,282
0,Children of the Corn IV: The Gathering,283
1,Manhattan,283
2,Back to the Future,283
3,Slap Shot,283
4,Max,283
0,Shallow Grave,284
1,Manhattan,284
2,Trippin',284
3,Slap Shot,284
0,Children of the Corn IV: The Gathering,285
1,Manhattan,285
2,Back to the Future,285
3,Slap Shot,285
4,Max,285
0,Children of the Corn IV: The Gathering,286
1,Manhattan,286
2,My First Mister,286
3,Slap Shot,286
4,Max,286
0,2001: A Space Odyssey,287
1,Children of the Corn IV: The Gathering,287
2,My First Mister,287
3,Slap Shot,287
4,Max,287
0,Children of the Corn IV: The Gathering,288
1,Grifters,288
2,Manhattan,288
3,Slap Shot,288
4,Max,288
0,Children of the Corn IV: The Gathering,289
1,Full Metal Jacket,289
2,Manhattan,289
3,Koyaanisqatsi (a.k.a. Koyaanisqatsi: Life Out of Balance),289
4,Slap Shot,289
0,Children of the Corn IV: The Gathering,290
1,Grifters,290
2,Manhattan,290
3,Koyaanisqatsi (a.k.a. Koyaanisqatsi: Life Out of Balance),290
4,Max,290
0,Children of the Corn IV: The Gathering,291
1,Manhattan,291
2,Damien: Omen II,291
3,Max,291
0,"Wings of Desire (Himmel Ã¼ber Berlin, Der)",292
1,Manhattan,292
2,Orgazmo,292
3,Damien: Omen II,292
0,Children of the Corn IV: The Gathering,293
1,Manhattan,293
2,Damien: Omen II,293
3,My First Mister,293
4,Max,293
0,Platoon,294
1,Aliens,294
2,Once Upon a Time in the West (C'era una volta il West),294
3,Manhattan,294
4,Koyaanisqatsi (a.k.a. Koyaanisqatsi: Life Out of Balance),294
0,Children of the Corn IV: The Gathering,295
1,Manhattan,295
2,My First Mister,295
3,Slap Shot,295
0,Children of the Corn IV: The Gathering,296
1,Manhattan,296
2,My First Mister,296
0,Platoon,297
1,Children of the Corn IV: The Gathering,297
2,Manhattan,297
3,Slap Shot,297
4,Max,297
0,Once Upon a Time in the West (C'era una volta il West),298
1,"Wings of Desire (Himmel Ã¼ber Berlin, Der)",298
2,Full Metal Jacket,298
3,Koyaanisqatsi (a.k.a. Koyaanisqatsi: Life Out of Balance),298
0,Manhattan,299
1,Damien: Omen II,299
2,My First Mister,299
0,Children of the Corn IV: The Gathering,300
1,Manhattan,300
2,My First Mister,300
3,Slap Shot,300
0,Children of the Corn IV: The Gathering,301
1,Manhattan,301
2,Slap Shot,301
0,Platoon,302
1,Children of the Corn IV: The Gathering,302
2,"Wings of Desire (Himmel Ã¼ber Berlin, Der)",302
3,Manhattan,302
4,Slap Shot,302
0,Platoon,303
1,"Wings of Desire (Himmel Ã¼ber Berlin, Der)",303
2,Manhattan,303
3,Koyaanisqatsi (a.k.a. Koyaanisqatsi: Life Out of Balance),303
4,Trippin',303
0,Platoon,304
1,Grifters,304
2,Manhattan,304
3,8 1/2 (8Â½),304
4,Koyaanisqatsi (a.k.a. Koyaanisqatsi: Life Out of Balance),304
0,Children of the Corn IV: The Gathering,305
1,Manhattan,305
2,Damien: Omen II,305
0,Manhattan,306
1,Orgazmo,306
0,Children of the Corn IV: The Gathering,307
1,Grifters,307
2,Full Metal Jacket,307
3,Max,307
0,"Wings of Desire (Himmel Ã¼ber Berlin, Der)",308
1,Manhattan,308
2,Orgazmo,308
0,Children of the Corn IV: The Gathering,309
1,Manhattan,309
2,My First Mister,309
3,Slap Shot,309
4,Max,309
0,Children of the Corn IV: The Gathering,310
1,Manhattan,310
2,8 1/2 (8Â½),310
3,Back to the Future,310
4,Orgazmo,310
0,Shallow Grave,311
1,Raiders of the Lost Ark (Indiana Jones and the Raiders of the Lost Ark),311
2,"Wings of Desire (Himmel Ã¼ber Berlin, Der)",311
3,10 Things I Hate About You,311
4,Majestic,311
0,Children of the Corn IV: The Gathering,312
1,Grifters,312
2,Manhattan,312
3,Slap Shot,312
4,Max,312
0,Full Metal Jacket,313
1,Manhattan,313
2,Koyaanisqatsi (a.k.a. Koyaanisqatsi: Life Out of Balance),313
3,Slap Shot,313
4,Max,313
0,Children of the Corn IV: The Gathering,314
1,Manhattan,314
2,Koyaanisqatsi (a.k.a. Koyaanisqatsi: Life Out of Balance),314
3,Slap Shot,314
4,Max,314
0,Children of the Corn IV: The Gathering,315
1,Manhattan,315
2,My First Mister,315
0,Children of the Corn IV: The Gathering,316
1,Full Metal Jacket,316
2,Manhattan,316
3,Slap Shot,316
4,Max,316
0,Children of the Corn IV: The Gathering,317
1,Manhattan,317
2,Manchurian Candidate,317
0,Children of the Corn IV: The Gathering,318
1,Manhattan,318
0,Children of the Corn IV: The Gathering,319
1,Manhattan,319
2,Eraserhead,319
3,Max,319
0,Children of the Corn IV: The Gathering,320
1,Manhattan,320
2,My First Mister,320
0,Aladdin,321
1,Children of the Corn IV: The Gathering,321
2,Back to the Future,321
3,Slap Shot,321
0,Shallow Grave,322
1,Children of the Corn IV: The Gathering,322
2,Manhattan,322
3,Damien: Omen II,322
0,Children of the Corn IV: The Gathering,323
1,Manhattan,323
2,My First Mister,323
3,Max,323
0,Children of the Corn IV: The Gathering,324
1,Manhattan,324
2,Eraserhead,324
3,My First Mister,324
4,Max,324
0,Children of the Corn IV: The Gathering,325
1,Grifters,325
2,Slap Shot,325
3,Max,325
0,Children of the Corn IV: The Gathering,326
1,Manhattan,326
2,Max,326
0,Children of the Corn IV: The Gathering,327
1,Manhattan,327
2,Damien: Omen II,327
3,My First Mister,327
0,Children of the Corn IV: The Gathering,328
1,To Kill a Mockingbird,328
2,"Wings of Desire (Himmel Ã¼ber Berlin, Der)",328
3,"Fast Food, Fast Women",328
0,2001: A Space Odyssey,329
1,Children of the Corn IV: The Gathering,329
2,Full Metal Jacket,329
3,Slap Shot,329
4,Max,329
0,Children of the Corn IV: The Gathering,330
1,Manhattan,330
2,My First Mister,330
3,Slap Shot,330
4,Max,330
0,Children of the Corn IV: The Gathering,331
1,Full Metal Jacket,331
2,Manhattan,331
3,My First Mister,331
4,Slap Shot,331
0,Children of the Corn IV: The Gathering,332
1,Manhattan,332
2,Back to the Future,332
3,Slap Shot,332
4,Max,332
0,Children of the Corn IV: The Gathering,333
1,Manhattan,333
2,Inherit the Wind,333
3,My First Mister,333
4,Max,333
0,Children of the Corn IV: The Gathering,334
1,Manhattan,334
2,8 1/2 (8Â½),334
3,Koyaanisqatsi (a.k.a. Koyaanisqatsi: Life Out of Balance),334
4,Max,334
0,Children of the Corn IV: The Gathering,335
1,Manhattan,335
2,Koyaanisqatsi (a.k.a. Koyaanisqatsi: Life Out of Balance),335
3,Slap Shot,335
0,Children of the Corn IV: The Gathering,336
1,Manhattan,336
2,My First Mister,336
0,Children of the Corn IV: The Gathering,337
1,Manhattan,337
2,Slap Shot,337
0,Children of the Corn IV: The Gathering,338
1,Manhattan,338
2,Eraserhead,338
3,Slap Shot,338
4,Max,338
0,Manhattan,339
1,My First Mister,339
2,Slap Shot,339
3,Max,339
0,Taxi Driver,340
1,Children of the Corn IV: The Gathering,340
2,Slap Shot,340
0,Children of the Corn IV: The Gathering,341
1,Manhattan,341
2,Damien: Omen II,341
0,Children of the Corn IV: The Gathering,342
1,Manhattan,342
2,8 1/2 (8Â½),342
3,Koyaanisqatsi (a.k.a. Koyaanisqatsi: Life Out of Balance),342
4,Slap Shot,342
0,Children of the Corn IV: The Gathering,343
1,Full Metal Jacket,343
2,Manhattan,343
3,Slap Shot,343
4,Max,343
0,Children of the Corn IV: The Gathering,344
1,"Wings of Desire (Himmel Ã¼ber Berlin, Der)",344
2,Manhattan,344
3,Damien: Omen II,344
0,Children of the Corn IV: The Gathering,345
1,Grifters,345
2,Manhattan,345
3,Slap Shot,345
4,Max,345
0,Children of the Corn IV: The Gathering,346
1,Manhattan,346
2,My First Mister,346
3,Slap Shot,346
4,Max,346
0,Taxi Driver,347
1,Children of the Corn IV: The Gathering,347
2,My First Mister,347
3,Slap Shot,347
0,Children of the Corn IV: The Gathering,348
1,Manhattan,348
2,My First Mister,348
3,Slap Shot,348
4,Max,348
0,Shallow Grave,349
1,Four Weddings and a Funeral,349
2,Scout,349
3,Slap Shot,349
0,Children of the Corn IV: The Gathering,350
1,Manhattan,350
2,Slap Shot,350
0,Children of the Corn IV: The Gathering,351
1,Manhattan,351
2,My First Mister,351
3,Slap Shot,351
0,Children of the Corn IV: The Gathering,352
1,Manhattan,352
2,My First Mister,352
3,Slap Shot,352
4,Max,352
0,Taxi Driver,353
1,Shallow Grave,353
2,Four Weddings and a Funeral,353
3,Slap Shot,353
0,Manhattan,354
1,Orgazmo,354
2,My First Mister,354
3,Slap Shot,354
0,Children of the Corn IV: The Gathering,355
1,Manhattan,355
2,Back to the Future,355
3,Slap Shot,355
4,Max,355
0,Children of the Corn IV: The Gathering,356
1,Manhattan,356
2,Back to the Future,356
3,Slap Shot,356
4,Max,356
0,Children of the Corn IV: The Gathering,357
1,Manhattan,357
2,My First Mister,357
3,Slap Shot,357
4,Max,357
0,Children of the Corn IV: The Gathering,358
1,Manhattan,358
2,Eraserhead,358
3,Slap Shot,358
4,Max,358
0,Children of the Corn IV: The Gathering,359
1,Back to the Future,359
2,Eraserhead,359
3,Slap Shot,359
4,Max,359
0,Children of the Corn IV: The Gathering,360
1,Manhattan,360
2,Back to the Future,360
3,Slap Shot,360
4,Max,360
0,"Wings of Desire (Himmel Ã¼ber Berlin, Der)",361
1,Manhattan,361
0,Children of the Corn IV: The Gathering,362
1,Manhattan,362
2,Slap Shot,362
3,Max,362
0,Children of the Corn IV: The Gathering,363
1,Manhattan,363
2,My First Mister,363
3,Slap Shot,363
4,Max,363
0,Children of the Corn IV: The Gathering,364
1,Manhattan,364
2,Back to the Future,364
3,Slap Shot,364
4,Max,364
0,Children of the Corn IV: The Gathering,365
1,Full Metal Jacket,365
0,Children of the Corn IV: The Gathering,366
1,Manhattan,366
2,My First Mister,366
0,Children of the Corn IV: The Gathering,367
1,"Wings of Desire (Himmel Ã¼ber Berlin, Der)",367
2,Manhattan,367
3,My First Mister,367
4,Slap Shot,367
0,Aliens,368
1,Once Upon a Time in the West (C'era una volta il West),368
2,Full Metal Jacket,368
3,Koyaanisqatsi (a.k.a. Koyaanisqatsi: Life Out of Balance),368
4,Max,368
0,Children of the Corn IV: The Gathering,369
1,Manhattan,369
2,My First Mister,369
3,Slap Shot,369
4,Max,369
0,Children of the Corn IV: The Gathering,370
1,Manhattan,370
2,My First Mister,370
3,Slap Shot,370
4,Max,370
0,Children of the Corn IV: The Gathering,371
1,Manhattan,371
2,My First Mister,371
3,Slap Shot,371
0,Platoon,372
1,Aliens,372
2,Once Upon a Time in the West (C'era una volta il West),372
3,Full Metal Jacket,372
4,Max,372
0,Houseguest,373
1,Children of the Corn IV: The Gathering,373
2,Manhattan,373
3,Slap Shot,373
4,Max,373
0,Children of the Corn IV: The Gathering,374
1,Manhattan,374
2,Koyaanisqatsi (a.k.a. Koyaanisqatsi: Life Out of Balance),374
3,Slap Shot,374
0,Children of the Corn IV: The Gathering,375
1,Manhattan,375
2,My First Mister,375
3,Slap Shot,375
4,Max,375
0,Children of the Corn IV: The Gathering,376
1,Manhattan,376
2,Slap Shot,376
3,Max,376
0,Children of the Corn IV: The Gathering,377
1,Manhattan,377
2,8 1/2 (8Â½),377
3,Max,377
0,Children of the Corn IV: The Gathering,378
1,Manhattan,378
2,Damien: Omen II,378
3,My First Mister,378
0,Taxi Driver,379
1,Crumb,379
2,Shallow Grave,379
3,Four Weddings and a Funeral,379
4,Aladdin,379
0,Children of the Corn IV: The Gathering,380
1,Manhattan,380
2,Damien: Omen II,380
3,Max,380
0,Children of the Corn IV: The Gathering,381
1,Manhattan,381
2,Damien: Omen II,381
3,Eraserhead,381
4,Max,381
0,Platoon,382
1,Children of the Corn IV: The Gathering,382
2,Manhattan,382
3,Slap Shot,382
0,Children of the Corn IV: The Gathering,383
1,Manhattan,383
2,Koyaanisqatsi (a.k.a. Koyaanisqatsi: Life Out of Balance),383
3,Max,383
0,Platoon,384
1,Children of the Corn IV: The Gathering,384
2,Back to the Future,384
3,My First Mister,384
4,Slap Shot,384
0,Full Metal Jacket,385
1,Manhattan,385
2,8 1/2 (8Â½),385
3,Koyaanisqatsi (a.k.a. Koyaanisqatsi: Life Out of Balance),385
4,Max,385
0,Children of the Corn IV: The Gathering,386
1,Manhattan,386
2,Koyaanisqatsi (a.k.a. Koyaanisqatsi: Life Out of Balance),386
3,Max,386
0,Children of the Corn IV: The Gathering,387
1,"Mr. Death: The Rise and Fall of Fred A. Leuchter, Jr.",387
2,Inherit the Wind,387
3,Slap Shot,387
4,Max,387
0,Children of the Corn IV: The Gathering,388
1,Manhattan,388
2,Damien: Omen II,388
3,Eraserhead,388
0,Quiet Man,389
1,Manhattan,389
2,Slap Shot,389
0,Children of the Corn IV: The Gathering,390
1,Manhattan,390
2,My First Mister,390
0,2001: A Space Odyssey,391
1,Grifters,391
2,Aliens,391
3,Koyaanisqatsi (a.k.a. Koyaanisqatsi: Life Out of Balance),391
4,Max,391
0,Children of the Corn IV: The Gathering,392
1,"Wings of Desire (Himmel Ã¼ber Berlin, Der)",392
2,Manhattan,392
3,8 1/2 (8Â½),392
4,Slap Shot,392
0,Children of the Corn IV: The Gathering,393
1,Manhattan,393
2,Orgazmo,393
3,Damien: Omen II,393
0,Taxi Driver,394
1,Crumb,394
2,Four Weddings and a Funeral,394
3,Aladdin,394
0,Shallow Grave,395
1,Manhattan,395
2,Orgazmo,395
3,Santa Claus: The Movie,395
0,Children of the Corn IV: The Gathering,396
1,Manhattan,396
2,My First Mister,396
3,Slap Shot,396
4,Max,396
0,Children of the Corn IV: The Gathering,397
1,Manhattan,397
2,My First Mister,397
3,Slap Shot,397
4,Max,397
0,Children of the Corn IV: The Gathering,398
1,Manhattan,398
2,Damien: Omen II,398
3,My First Mister,398
0,Four Weddings and a Funeral,399
1,Children of the Corn IV: The Gathering,399
2,My First Mister,399
3,Slap Shot,399
0,Children of the Corn IV: The Gathering,400
1,Manhattan,400
2,My First Mister,400
3,Slap Shot,400
0,Children of the Corn IV: The Gathering,401
1,Manhattan,401
2,Max,401
0,Children of the Corn IV: The Gathering,402
1,Manhattan,402
2,Koyaanisqatsi (a.k.a. Koyaanisqatsi: Life Out of Balance),402
3,Slap Shot,402
4,Max,402
0,Children of the Corn IV: The Gathering,403
1,Manhattan,403
2,My First Mister,403
3,Slap Shot,403
4,Max,403
0,Taxi Driver,404
1,Shallow Grave,404
2,Four Weddings and a Funeral,404
3,Scout,404
4,Aladdin,404
0,Children of the Corn IV: The Gathering,405
1,Manhattan,405
2,My First Mister,405
3,Slap Shot,405
0,Children of the Corn IV: The Gathering,406
1,Manhattan,406
2,Eraserhead,406
3,Max,406
0,"Wings of Desire (Himmel Ã¼ber Berlin, Der)",407
1,Full Metal Jacket,407
2,Manhattan,407
0,Children of the Corn IV: The Gathering,408
1,Manhattan,408
2,Damien: Omen II,408
0,Children of the Corn IV: The Gathering,409
1,Grifters,409
2,Manhattan,409
3,Koyaanisqatsi (a.k.a. Koyaanisqatsi: Life Out of Balance),409
4,Max,409
0,Children of the Corn IV: The Gathering,410
1,Manhattan,410
2,Inherit the Wind,410
3,Slap Shot,410
4,Max,410
0,Children of the Corn IV: The Gathering,411
1,Manhattan,411
2,Back to the Future,411
3,Slap Shot,411
4,Max,411
0,2001: A Space Odyssey,412
1,Grifters,412
2,Koyaanisqatsi (a.k.a. Koyaanisqatsi: Life Out of Balance),412
3,Slap Shot,412
4,Max,412
0,Children of the Corn IV: The Gathering,413
1,Manhattan,413
2,Damien: Omen II,413
3,Eraserhead,413
0,Children of the Corn IV: The Gathering,414
1,Grifters,414
2,Manhattan,414
3,Slap Shot,414
4,Max,414
0,Children of the Corn IV: The Gathering,415
1,Manhattan,415
2,My First Mister,415
3,Slap Shot,415
4,Max,415
0,Houseguest,416
1,Children of the Corn IV: The Gathering,416
2,Aliens,416
3,Slap Shot,416
4,Max,416
0,Children of the Corn IV: The Gathering,417
1,Manhattan,417
2,My First Mister,417
3,Slap Shot,417
4,Max,417
0,Children of the Corn IV: The Gathering,418
1,Manhattan,418
2,My First Mister,418
0,Platoon,419
1,"Wings of Desire (Himmel Ã¼ber Berlin, Der)",419
2,Full Metal Jacket,419
3,Manhattan,419
4,Trials of Henry Kissinger,419
0,Children of the Corn IV: The Gathering,420
1,Manhattan,420
2,Slap Shot,420
3,Max,420
0,Children of the Corn IV: The Gathering,421
1,Manhattan,421
2,Eraserhead,421
3,Max,421
0,Children of the Corn IV: The Gathering,422
1,Grifters,422
2,Manhattan,422
3,Slap Shot,422
4,Max,422
0,Children of the Corn IV: The Gathering,423
1,Manhattan,423
2,My First Mister,423
3,Slap Shot,423
0,Children of the Corn IV: The Gathering,424
1,My First Mister,424
2,Slap Shot,424
0,Manhattan,425
1,Damien: Omen II,425
2,My First Mister,425
3,Slap Shot,425
0,Children of the Corn IV: The Gathering,426
1,Manhattan,426
2,Damien: Omen II,426
3,Eraserhead,426
0,Children of the Corn IV: The Gathering,427
1,Grifters,427
2,Manhattan,427
3,Slap Shot,427
4,Max,427
0,Children of the Corn IV: The Gathering,428
1,Manhattan,428
2,My First Mister,428
3,Max,428
0,Children of the Corn IV: The Gathering,429
1,Manhattan,429
2,Back to the Future,429
3,Slap Shot,429
0,Children of the Corn IV: The Gathering,430
1,Manhattan,430
2,My First Mister,430
3,Slap Shot,430
4,Max,430
0,Children of the Corn IV: The Gathering,431
1,Grifters,431
2,Manhattan,431
3,8 1/2 (8Â½),431
4,Max,431
0,Children of the Corn IV: The Gathering,432
1,Manhattan,432
2,My First Mister,432
3,Slap Shot,432
0,Children of the Corn IV: The Gathering,433
1,Manhattan,433
2,Damien: Omen II,433
3,My First Mister,433
0,Children of the Corn IV: The Gathering,434
1,Manhattan,434
2,Damien: Omen II,434
0,Children of the Corn IV: The Gathering,435
1,Manhattan,435
2,Damien: Omen II,435
0,Shallow Grave,436
1,Children of the Corn IV: The Gathering,436
2,Manhattan,436
3,Back to the Future,436
0,Children of the Corn IV: The Gathering,437
1,Manhattan,437
2,My First Mister,437
3,Slap Shot,437
4,Max,437
0,Platoon,438
1,Children of the Corn IV: The Gathering,438
2,Manhattan,438
3,Max,438
0,Children of the Corn IV: The Gathering,439
1,Manhattan,439
2,My First Mister,439
3,Slap Shot,439
0,Children of the Corn IV: The Gathering,440
1,Manhattan,440
2,Koyaanisqatsi (a.k.a. Koyaanisqatsi: Life Out of Balance),440
3,Max,440
0,Children of the Corn IV: The Gathering,441
1,Manhattan,441
2,Slap Shot,441
0,Taxi Driver,442
1,Shallow Grave,442
2,Four Weddings and a Funeral,442
3,"Wings of Desire (Himmel Ã¼ber Berlin, Der)",442
4,Shine,442
0,Children of the Corn IV: The Gathering,443
1,Manhattan,443
2,My First Mister,443
3,Slap Shot,443
4,Max,443
0,Children of the Corn IV: The Gathering,444
1,Manhattan,444
2,My First Mister,444
3,Slap Shot,444
4,Max,444
0,Children of the Corn IV: The Gathering,445
1,Manhattan,445
2,Orgazmo,445
3,My First Mister,445
0,Scout,446
1,Children of the Corn IV: The Gathering,446
2,Manhattan,446
3,My First Mister,446
4,Max,446
0,Taxi Driver,447
1,Shallow Grave,447
2,Children of the Corn IV: The Gathering,447
3,Manhattan,447
0,Sabrina,448
1,Children of the Corn IV: The Gathering,448
2,Full Metal Jacket,448
3,Max,448
0,Grifters,449
1,Manhattan,449
2,8 1/2 (8Â½),449
3,Koyaanisqatsi (a.k.a. Koyaanisqatsi: Life Out of Balance),449
4,Max,449
0,Children of the Corn IV: The Gathering,450
1,Manhattan,450
2,My First Mister,450
3,Slap Shot,450
4,Max,450
0,Children of the Corn IV: The Gathering,451
1,Manhattan,451
2,My First Mister,451
3,Slap Shot,451
4,Max,451
0,Children of the Corn IV: The Gathering,452
1,Manhattan,452
2,Damien: Omen II,452
0,Children of the Corn IV: The Gathering,453
1,Manhattan,453
2,My First Mister,453
3,Slap Shot,453
4,Max,453
0,Platoon,454
1,Children of the Corn IV: The Gathering,454
2,My First Mister,454
3,Slap Shot,454
4,Max,454
0,Four Weddings and a Funeral,455
1,Platoon,455
2,Children of the Corn IV: The Gathering,455
3,Slap Shot,455
4,Max,455
0,2001: A Space Odyssey,456
1,Full Metal Jacket,456
2,Manhattan,456
3,Slap Shot,456
4,Max,456
0,"Wings of Desire (Himmel Ã¼ber Berlin, Der)",457
1,Full Metal Jacket,457
2,Manhattan,457
3,Koyaanisqatsi (a.k.a. Koyaanisqatsi: Life Out of Balance),457
0,Taxi Driver,458
1,Shallow Grave,458
2,Four Weddings and a Funeral,458
3,Aladdin,458
0,Children of the Corn IV: The Gathering,459
1,Manhattan,459
2,Damien: Omen II,459
3,My First Mister,459
0,Children of the Corn IV: The Gathering,460
1,Manhattan,460
2,My First Mister,460
3,Max,460
0,Children of the Corn IV: The Gathering,461
1,My First Mister,461
2,Slap Shot,461
3,Max,461
0,Children of the Corn IV: The Gathering,462
1,Manhattan,462
2,Inherit the Wind,462
3,Max,462
0,Children of the Corn IV: The Gathering,463
1,Manhattan,463
2,Damien: Omen II,463
3,Max,463
0,Children of the Corn IV: The Gathering,464
1,Manhattan,464
2,Slap Shot,464
0,Children of the Corn IV: The Gathering,465
1,Manhattan,465
2,Back to the Future,465
3,Slap Shot,465
4,Max,465
0,Children of the Corn IV: The Gathering,466
1,Manhattan,466
0,"Wings of Desire (Himmel Ã¼ber Berlin, Der)",467
1,Manhattan,467
2,8 1/2 (8Â½),467
3,Koyaanisqatsi (a.k.a. Koyaanisqatsi: Life Out of Balance),467
4,Santa Claus: The Movie,467
0,Taxi Driver,468
1,Four Weddings and a Funeral,468
2,Children of the Corn IV: The Gathering,468
3,Slap Shot,468
0,Children of the Corn IV: The Gathering,469
1,Manhattan,469
2,My First Mister,469
3,Slap Shot,469
4,Max,469
0,Taxi Driver,470
1,Four Weddings and a Funeral,470
2,Aladdin,470
3,Back to the Future,470
4,Slap Shot,470
0,Children of the Corn IV: The Gathering,471
1,Manhattan,471
2,Orgazmo,471
3,Damien: Omen II,471
0,Manhattan,472
1,My First Mister,472
2,Slap Shot,472
0,Children of the Corn IV: The Gathering,473
1,Manhattan,473
2,Slap Shot,473
3,Max,473
0,Children of the Corn IV: The Gathering,474
1,Grifters,474
2,Full Metal Jacket,474
3,Inherit the Wind,474
4,Max,474
0,Children of the Corn IV: The Gathering,475
1,Manhattan,475
2,Damien: Omen II,475
0,Taxi Driver,476
1,Crumb,476
2,Aladdin,476
3,Children of the Corn IV: The Gathering,476
0,Children of the Corn IV: The Gathering,477
1,Manhattan,477
2,My First Mister,477
3,Slap Shot,477
4,Max,477
0,Shallow Grave,478
1,Four Weddings and a Funeral,478
2,Children of the Corn IV: The Gathering,478
3,Manhattan,478
0,Children of the Corn IV: The Gathering,479
1,Manhattan,479
2,Koyaanisqatsi (a.k.a. Koyaanisqatsi: Life Out of Balance),479
3,Eraserhead,479
4,Max,479
0,Children of the Corn IV: The Gathering,480
1,Manhattan,480
2,My First Mister,480
3,Slap Shot,480
4,Max,480
0,Children of the Corn IV: The Gathering,481
1,Aliens,481
2,Manhattan,481
3,Slap Shot,481
4,Max,481
0,Children of the Corn IV: The Gathering,482
1,"Wings of Desire (Himmel Ã¼ber Berlin, Der)",482
2,Manhattan,482
0,Children of the Corn IV: The Gathering,483
1,Manhattan,483
2,Trials of Henry Kissinger,483
3,Max,483
0,Sabrina,484
1,Children of the Corn IV: The Gathering,484
2,"Wings of Desire (Himmel Ã¼ber Berlin, Der)",484
3,Manhattan,484
4,Slap Shot,484
0,Taxi Driver,485
1,Four Weddings and a Funeral,485
2,Children of the Corn IV: The Gathering,485
3,Slap Shot,485
0,Children of the Corn IV: The Gathering,486
1,Manhattan,486
2,Back to the Future,486
3,Slap Shot,486
0,Shallow Grave,487
1,Four Weddings and a Funeral,487
2,"Wings of Desire (Himmel Ã¼ber Berlin, Der)",487
3,My First Mister,487
0,Children of the Corn IV: The Gathering,488
1,Manhattan,488
2,My First Mister,488
3,Slap Shot,488
4,Max,488
0,Children of the Corn IV: The Gathering,489
1,Manhattan,489
2,My First Mister,489
3,Max,489
0,Children of the Corn IV: The Gathering,490
1,My First Mister,490
2,Slap Shot,490
3,Max,490
0,Children of the Corn IV: The Gathering,491
1,Manhattan,491
2,Damien: Omen II,491
0,Children of the Corn IV: The Gathering,492
1,Manhattan,492
2,8 1/2 (8Â½),492
3,Slap Shot,492
4,Max,492
0,Platoon,493
1,Children of the Corn IV: The Gathering,493
2,Manhattan,493
3,Koyaanisqatsi (a.k.a. Koyaanisqatsi: Life Out of Balance),493
0,"Wings of Desire (Himmel Ã¼ber Berlin, Der)",494
1,Full Metal Jacket,494
2,Manhattan,494
3,8 1/2 (8Â½),494
4,Slap Shot,494
0,Children of the Corn IV: The Gathering,495
1,Manhattan,495
2,Damien: Omen II,495
0,Children of the Corn IV: The Gathering,496
1,Manhattan,496
2,My First Mister,496
0,Children of the Corn IV: The Gathering,497
1,Manhattan,497
2,My First Mister,497
3,Slap Shot,497
4,Max,497
0,Taxi Driver,498
1,Four Weddings and a Funeral,498
2,Children of the Corn IV: The Gathering,498
3,Slap Shot,498
0,Children of the Corn IV: The Gathering,499
1,Manhattan,499
2,Planet of the Apes,499
3,My First Mister,499
0,Full Metal Jacket,500
1,Manhattan,500
2,8 1/2 (8Â½),500
3,Koyaanisqatsi (a.k.a. Koyaanisqatsi: Life Out of Balance),500
4,Max,500
0,Four Weddings and a Funeral,501
1,Platoon,501
2,"Wings of Desire (Himmel Ã¼ber Berlin, Der)",501
3,Shine,501
4,Slap Shot,501
0,Children of the Corn IV: The Gathering,502
1,Manhattan,502
2,8 1/2 (8Â½),502
3,Damien: Omen II,502
4,Eraserhead,502
0,Children of the Corn IV: The Gathering,503
1,Manhattan,503
2,My First Mister,503
3,Slap Shot,503
4,Max,503
0,Manhattan,504
1,Koyaanisqatsi (a.k.a. Koyaanisqatsi: Life Out of Balance),504
2,My First Mister,504
3,Slap Shot,504
4,Max,504
0,Children of the Corn IV: The Gathering,505
1,Manhattan,505
2,My First Mister,505
3,Slap Shot,505
0,Children of the Corn IV: The Gathering,506
1,Manhattan,506
2,Eraserhead,506
3,Max,506
0,Taxi Driver,507
1,Shallow Grave,507
2,Four Weddings and a Funeral,507
3,Children of the Corn IV: The Gathering,507
0,Shallow Grave,508
1,"Wings of Desire (Himmel Ã¼ber Berlin, Der)",508
2,Quiet Man,508
3,Orgazmo,508
4,Majestic,508
0,"Wings of Desire (Himmel Ã¼ber Berlin, Der)",509
1,Full Metal Jacket,509
2,Manhattan,509
3,Orgazmo,509
4,Max,509
0,Children of the Corn IV: The Gathering,510
1,Manhattan,510
2,My First Mister,510
3,Slap Shot,510
4,Max,510
0,Children of the Corn IV: The Gathering,511
1,Manhattan,511
2,Damien: Omen II,511
3,Max,511
0,Taxi Driver,512
1,Children of the Corn IV: The Gathering,512
2,Manhattan,512
0,Victor/Victoria,513
1,Children of the Corn IV: The Gathering,513
2,Manhattan,513
3,My First Mister,513
4,Slap Shot,513
0,Platoon,514
1,Children of the Corn IV: The Gathering,514
2,"Wings of Desire (Himmel Ã¼ber Berlin, Der)",514
3,Manhattan,514
4,Back to the Future,514
0,Manhattan,515
1,Damien: Omen II,515
0,Four Weddings and a Funeral,516
1,Princess Bride,516
2,"Wings of Desire (Himmel Ã¼ber Berlin, Der)",516
3,"Fast Food, Fast Women",516
4,Slap Shot,516
0,Aladdin,517
1,Sabrina,517
2,Children of the Corn IV: The Gathering,517
3,Back to the Future,517
4,Orgazmo,517
0,Children of the Corn IV: The Gathering,518
1,Manhattan,518
2,Damien: Omen II,518
3,Eraserhead,518
0,Children of the Corn IV: The Gathering,519
1,Manhattan,519
2,Max,519
0,Children of the Corn IV: The Gathering,520
1,Manhattan,520
2,8 1/2 (8Â½),520
3,Damien: Omen II,520
4,Eraserhead,520
0,Children of the Corn IV: The Gathering,521
1,Manhattan,521
2,My First Mister,521
3,Slap Shot,521
4,Max,521
0,Children of the Corn IV: The Gathering,522
1,Manhattan,522
2,Trials of Henry Kissinger,522
0,Children of the Corn IV: The Gathering,523
1,Manhattan,523
2,Damien: Omen II,523
3,My First Mister,523
0,Platoon,524
1,Full Metal Jacket,524
2,Manhattan,524
3,Slap Shot,524
4,Max,524
0,Children of the Corn IV: The Gathering,525
1,Manhattan,525
2,Orgazmo,525
3,Max,525
0,Children of the Corn IV: The Gathering,526
1,Manhattan,526
2,My First Mister,526
0,Children of the Corn IV: The Gathering,527
1,Manhattan,527
2,Back to the Future,527
3,Slap Shot,527
0,"Wings of Desire (Himmel Ã¼ber Berlin, Der)",528
1,Manhattan,528
2,My First Mister,528
0,Shallow Grave,529
1,Manhattan,529
2,Back to the Future,529
3,My First Mister,529
4,Slap Shot,529
0,Four Weddings and a Funeral,530
1,Aladdin,530
2,Children of the Corn IV: The Gathering,530
3,Back to the Future,530
4,Slap Shot,530
0,Children of the Corn IV: The Gathering,531
1,Manhattan,531
2,My First Mister,531
3,Slap Shot,531
0,Children of the Corn IV: The Gathering,532
1,Manhattan,532
2,Koyaanisqatsi (a.k.a. Koyaanisqatsi: Life Out of Balance),532
3,Trippin',532
4,Max,532
0,Children of the Corn IV: The Gathering,533
1,Manhattan,533
2,Damien: Omen II,533
3,Planet of the Apes,533
4,Slap Shot,533
0,Children of the Corn IV: The Gathering,534
1,Manhattan,534
2,Damien: Omen II,534
0,Platoon,535
1,Children of the Corn IV: The Gathering,535
2,Manhattan,535
3,Slap Shot,535
4,Max,535
0,Shallow Grave,536
1,Children of the Corn IV: The Gathering,536
2,Manhattan,536
3,Back to the Future,536
0,Children of the Corn IV: The Gathering,537
1,Manhattan,537
2,Damien: Omen II,537
3,My First Mister,537
0,Children of the Corn IV: The Gathering,538
1,Manhattan,538
2,Eraserhead,538
3,Slap Shot,538
4,Max,538
0,Children of the Corn IV: The Gathering,539
1,Manhattan,539
2,8 1/2 (8Â½),539
3,Damien: Omen II,539
0,Children of the Corn IV: The Gathering,540
1,Manhattan,540
2,Damien: Omen II,540
3,Slap Shot,540
0,Taxi Driver,541
1,Four Weddings and a Funeral,541
2,Aladdin,541
3,Children of the Corn IV: The Gathering,541
4,Back to the Future,541
0,Manhattan,542
1,8 1/2 (8Â½),542
2,Damien: Omen II,542
3,My First Mister,542
0,Children of the Corn IV: The Gathering,543
1,Manhattan,543
2,Max,543
0,Children of the Corn IV: The Gathering,544
1,Manhattan,544
2,Slap Shot,544
3,Max,544
0,Platoon,545
1,Children of the Corn IV: The Gathering,545
2,Manhattan,545
3,Max,545
0,Children of the Corn IV: The Gathering,546
1,Manhattan,546
2,My First Mister,546
3,Slap Shot,546
4,Max,546
0,Children of the Corn IV: The Gathering,547
1,Manhattan,547
2,Koyaanisqatsi (a.k.a. Koyaanisqatsi: Life Out of Balance),547
3,Slap Shot,547
4,Max,547
0,Children of the Corn IV: The Gathering,548
1,Manhattan,548
2,My First Mister,548
3,Slap Shot,548
0,Grifters,549
1,Full Metal Jacket,549
2,Manhattan,549
3,Max,549
0,Children of the Corn IV: The Gathering,550
1,Manhattan,550
2,Damien: Omen II,550
0,Children of the Corn IV: The Gathering,551
1,Manhattan,551
2,Orgazmo,551
0,Manhattan,552
1,8 1/2 (8Â½),552
2,Koyaanisqatsi (a.k.a. Koyaanisqatsi: Life Out of Balance),552
3,Slap Shot,552
4,Max,552
0,Children of the Corn IV: The Gathering,553
1,Manhattan,553
2,Slap Shot,553
3,Max,553
0,Children of the Corn IV: The Gathering,554
1,Grifters,554
2,Manhattan,554
3,Koyaanisqatsi (a.k.a. Koyaanisqatsi: Life Out of Balance),554
4,Max,554
0,Platoon,555
1,Back to the Future,555
2,Koyaanisqatsi (a.k.a. Koyaanisqatsi: Life Out of Balance),555
3,Slap Shot,555
4,Max,555
0,Children of the Corn IV: The Gathering,556
1,Manhattan,556
2,My First Mister,556
3,Max,556
0,Shallow Grave,557
1,Four Weddings and a Funeral,557
2,Manhattan,557
3,Prince of Tides,557
0,Children of the Corn IV: The Gathering,558
1,Manhattan,558
2,8 1/2 (8Â½),558
3,Orgazmo,558
4,Damien: Omen II,558
0,Children of the Corn IV: The Gathering,559
1,Back to the Future,559
2,Slap Shot,559
0,Platoon,560
1,Children of the Corn IV: The Gathering,560
2,"Wings of Desire (Himmel Ã¼ber Berlin, Der)",560
3,Manhattan,560
0,Princess Bride,561
1,Raiders of the Lost Ark (Indiana Jones and the Raiders of the Lost Ark),561
2,"Wings of Desire (Himmel Ã¼ber Berlin, Der)",561
3,Back to the Future,561
4,Slap Shot,561
0,Children of the Corn IV: The Gathering,562
1,Manhattan,562
2,Inherit the Wind,562
3,My First Mister,562
4,Max,562
0,Children of the Corn IV: The Gathering,563
1,Manhattan,563
2,My First Mister,563
0,Children of the Corn IV: The Gathering,564
1,Manhattan,564
2,Max,564
0,Shallow Grave,565
1,Children of the Corn IV: The Gathering,565
2,My First Mister,565
3,Slap Shot,565
0,Shallow Grave,566
1,Aladdin,566
2,Children of the Corn IV: The Gathering,566
3,Slap Shot,566
0,Full Metal Jacket,567
1,Manhattan,567
2,Koyaanisqatsi (a.k.a. Koyaanisqatsi: Life Out of Balance),567
0,Children of the Corn IV: The Gathering,568
1,Grifters,568
2,Manhattan,568
3,Slap Shot,568
4,Max,568
0,Taxi Driver,569
1,Four Weddings and a Funeral,569
2,Aladdin,569
3,Children of the Corn IV: The Gathering,569
0,Children of the Corn IV: The Gathering,570
1,Quiet Man,570
2,Manhattan,570
3,Slap Shot,570
4,Max,570
0,Children of the Corn IV: The Gathering,571
1,Manhattan,571
2,Slap Shot,571
3,Max,571
0,Grifters,572
1,Manhattan,572
2,8 1/2 (8Â½),572
3,Koyaanisqatsi (a.k.a. Koyaanisqatsi: Life Out of Balance),572
4,Max,572
0,Children of the Corn IV: The Gathering,573
1,Manhattan,573
2,Orgazmo,573
3,Damien: Omen II,573
0,Children of the Corn IV: The Gathering,574
1,My First Mister,574
2,Slap Shot,574
0,Children of the Corn IV: The Gathering,575
1,Manhattan,575
2,Slap Shot,575
3,Max,575
0,Children of the Corn IV: The Gathering,576
1,Manhattan,576
2,Slap Shot,576
3,Max,576
0,Grifters,577
1,Once Upon a Time in the West (C'era una volta il West),577
2,Manhattan,577
3,Koyaanisqatsi (a.k.a. Koyaanisqatsi: Life Out of Balance),577
4,Max,577
0,Children of the Corn IV: The Gathering,578
1,Manhattan,578
2,My First Mister,578
3,Slap Shot,578
0,Children of the Corn IV: The Gathering,579
1,"Wings of Desire (Himmel Ã¼ber Berlin, Der)",579
2,Manhattan,579
3,Back to the Future,579
4,Slap Shot,579
0,Victor/Victoria,580
1,Children of the Corn IV: The Gathering,580
2,Manhattan,580
3,Damien: Omen II,580
0,Children of the Corn IV: The Gathering,581
1,Manhattan,581
2,Eraserhead,581
3,My First Mister,581
4,Slap Shot,581
0,Children of the Corn IV: The Gathering,582
1,Manhattan,582
2,Damien: Omen II,582
0,"Wings of Desire (Himmel Ã¼ber Berlin, Der)",583
1,Orgazmo,583
0,Aladdin,584
1,Manhattan,584
2,Back to the Future,584
3,Slap Shot,584
0,Children of the Corn IV: The Gathering,585
1,Manhattan,585
2,My First Mister,585
3,Slap Shot,585
0,Children of the Corn IV: The Gathering,586
1,Manhattan,586
2,Damien: Omen II,586
0,Children of the Corn IV: The Gathering,587
1,Manhattan,587
2,Back to the Future,587
3,Slap Shot,587
4,Max,587
0,Children of the Corn IV: The Gathering,588
1,Manhattan,588
2,Damien: Omen II,588
0,Children of the Corn IV: The Gathering,589
1,Manhattan,589
2,Back to the Future,589
3,Slap Shot,589
4,Max,589
0,Children of the Corn IV: The Gathering,590
1,Manhattan,590
2,Koyaanisqatsi (a.k.a. Koyaanisqatsi: Life Out of Balance),590
3,Slap Shot,590
4,Max,590
0,Children of the Corn IV: The Gathering,591
1,"Wings of Desire (Himmel Ã¼ber Berlin, Der)",591
2,Manhattan,591
3,8 1/2 (8Â½),591
4,Koyaanisqatsi (a.k.a. Koyaanisqatsi: Life Out of Balance),591
0,Taxi Driver,592
1,Children of the Corn IV: The Gathering,592
2,Back to the Future,592
3,Slap Shot,592
4,Max,592
0,Children of the Corn IV: The Gathering,593
1,Manhattan,593
2,My First Mister,593
3,Slap Shot,593
4,Max,593
0,Children of the Corn IV: The Gathering,594
1,Manhattan,594
2,Slap Shot,594
0,Manhattan,595
1,Koyaanisqatsi (a.k.a. Koyaanisqatsi: Life Out of Balance),595
2,My First Mister,595
3,Slap Shot,595
4,Max,595
0,Children of the Corn IV: The Gathering,596
1,Full Metal Jacket,596
2,Manhattan,596
3,Max,596
0,Full Metal Jacket,597
1,Manhattan,597
2,8 1/2 (8Â½),597
3,Koyaanisqatsi (a.k.a. Koyaanisqatsi: Life Out of Balance),597
4,Max,597
0,Children of the Corn IV: The Gathering,598
1,Manhattan,598
2,Eraserhead,598
3,Max,598
0,Once Upon a Time in the West (C'era una volta il West),599
1,Full Metal Jacket,599
2,Majestic,599
3,Max,599
0,Sabrina,600
1,Children of the Corn IV: The Gathering,600
2,Grifters,600
3,Manhattan,600
4,Max,600
0,Children of the Corn IV: The Gathering,601
1,Manhattan,601
2,Orgazmo,601
3,Damien: Omen II,601
0,Children of the Corn IV: The Gathering,602
1,Manhattan,602
2,Koyaanisqatsi (a.k.a. Koyaanisqatsi: Life Out of Balance),602
3,Max,602
0,2001: A Space Odyssey,603
1,Aliens,603
2,Once Upon a Time in the West (C'era una volta il West),603
3,Killer (Die xue shuang xiong),603
4,Max,603
0,Children of the Corn IV: The Gathering,604
1,Manhattan,604
2,My First Mister,604
3,Slap Shot,604
4,Max,604
0,Children of the Corn IV: The Gathering,605
1,Manhattan,605
2,Back to the Future,605
3,Slap Shot,605
0,Children of the Corn IV: The Gathering,606
1,Killer (Die xue shuang xiong),606
2,Wendigo,606
3,Slap Shot,606
4,Max,606
0,Children of the Corn IV: The Gathering,607
1,Manhattan,607
2,8 1/2 (8Â½),607
3,Max,607
0,To Kill a Mockingbird,608
1,Full Metal Jacket,608
2,Manhattan,608
3,Trials of Henry Kissinger,608
0,Taxi Driver,609
1,Children of the Corn IV: The Gathering,609
2,Slap Shot,609
3,Max,609
0,Platoon,610
1,Children of the Corn IV: The Gathering,610
2,Manhattan,610
3,Slap Shot,610
4,Max,610
